{
  "precision":{
    "0":0.8129326852,
    "1":0.53125,
    "accuracy":0.8116112007,
    "macro avg":0.6720913426,
    "weighted avg":0.7597842296
  },
  "recall":{
    "0":0.9972894832,
    "1":0.0132090132,
    "accuracy":0.8116112007,
    "macro avg":0.5052492482,
    "weighted avg":0.8116112007
  },
  "f1-score":{
    "0":0.895723444,
    "1":0.0257771039,
    "accuracy":0.8116112007,
    "macro avg":0.4607502739,
    "weighted avg":0.7315802187
  },
  "support":{
    "0":11068.0,
    "1":2574.0,
    "accuracy":0.8116112007,
    "macro avg":13642.0,
    "weighted avg":13642.0
  }
}