{
  "precision":{
    "0":0.8783445977,
    "1":0.2477150423,
    "accuracy":0.5503376577,
    "macro avg":0.56302982,
    "weighted avg":0.7602766687
  },
  "recall":{
    "0":0.5185853285,
    "1":0.6881822496,
    "accuracy":0.5503376577,
    "macro avg":0.6033837891,
    "weighted avg":0.5503376577
  },
  "f1-score":{
    "0":0.6521395429,
    "1":0.364298725,
    "accuracy":0.5503376577,
    "macro avg":0.5082191339,
    "weighted avg":0.5982493169
  },
  "support":{
    "0":18294.0,
    "1":4214.0,
    "accuracy":0.5503376577,
    "macro avg":22508.0,
    "weighted avg":22508.0
  }
}